first,ipsi,ipsi,ipsi,ipsi,ipsi,ipsi,ipsi,ipsi,ipsi,ipsi,ipsi,ipsi,ipsi,ipsi,ipsi,ipsi,ipsi,ipsi,ipsi,ipsi,ipsi,ipsi,ipsi,ipsi,ipsi,ipsi,ipsi,ipsi,ipsi,ipsi,ipsi,ipsi,ipsi,ipsi,ipsi,ipsi,ipsi,ipsi,ipsi,ipsi,ipsi,ipsi,ipsi,ipsi,ipsi,ipsi,ipsi,ipsi,ipsi,ipsi,ipsi,ipsi,ipsi,ipsi,ipsi,ipsi,ipsi,ipsi,ipsi,ipsi,ipsi,ipsi,ipsi,ipsi,ipsi,ipsi,ipsi,ipsi,ipsi,ipsi,ipsi,ipsi,ipsi,ipsi,ipsi,ipsi,ipsi,ipsi,ipsi,ipsi,ipsi,ipsi,ipsi,ipsi,ipsi,ipsi,ipsi,ipsi,ipsi,ipsi,ipsi,ipsi,ipsi,ipsi,ipsi,ipsi,ipsi,ipsi,ipsi,ipsi,ipsi,ipsi,ipsi,ipsi,ipsi,ipsi,ipsi,ipsi,ipsi,ipsi,ipsi,ipsi,ipsi,ipsi,ipsi,ipsi,ipsi,ipsi,ipsi,ipsi,ipsi,ipsi,ipsi,ipsi,ipsi,ipsi,ipsi,ipsi,ipsi,ipsi,ipsi,ipsi,ipsi,ipsi,ipsi,ipsi,ipsi,ipsi,ipsi,ipsi,ipsi,ipsi,ipsi,ipsi,ipsi,ipsi,ipsi,ipsi,ipsi,ipsi,ipsi,ipsi,ipsi,ipsi,ipsi,ipsi,ipsi,ipsi,ipsi,ipsi,ipsi,ipsi,ipsi,ipsi,ipsi,ipsi,ipsi,ipsi,ipsi,ipsi,ipsi,ipsi,ipsi,ipsi,ipsi,ipsi,ipsi,ipsi,ipsi,ipsi,ipsi,ipsi,ipsi,ipsi,ipsi,ipsi,ipsi,ipsi,ipsi,ipsi,ipsi,ipsi,ipsi,ipsi,ipsi,ipsi,ipsi,ipsi,ipsi,ipsi,ipsi,ipsi,ipsi,ipsi,ipsi,ipsi,ipsi,ipsi,ipsi,ipsi,ipsi,ipsi,ipsi,ipsi,ipsi,ipsi,ipsi,ipsi,ipsi,ipsi,ipsi,ipsi,ipsi,ipsi,ipsi,ipsi,ipsi,ipsi,ipsi,ipsi,ipsi,ipsi,ipsi,ipsi,ipsi,ipsi,ipsi,ipsi,ipsi,ipsi,ipsi,ipsi,ipsi,ipsi,ipsi,ipsi,ipsi,ipsi,ipsi,ipsi,ipsi,ipsi,ipsi,ipsi,ipsi,ipsi,ipsi,ipsi,ipsi,ipsi,ipsi,ipsi,ipsi,ipsi,ipsi,ipsi,ipsi,ipsi,ipsi,ipsi,ipsi,ipsi,ipsi,ipsi,ipsi,ipsi,ipsi,ipsi,ipsi,ipsi,ipsi,ipsi,ipsi,ipsi,ipsi,ipsi,ipsi,ipsi,ipsi,ipsi,ipsi,ipsi,ipsi,ipsi,ipsi,ipsi,ipsi,ipsi,ipsi,ipsi,ipsi,ipsi,ipsi,ipsi,ipsi,ipsi,ipsi,ipsi,ipsi,ipsi,ipsi,ipsi,ipsi,ipsi,ipsi,ipsi,ipsi,ipsi,ipsi,ipsi,ipsi,ipsi,ipsi,ipsi,ipsi,ipsi,ipsi,ipsi,ipsi,ipsi,ipsi,ipsi,ipsi,ipsi,ipsi,ipsi,ipsi,ipsi,ipsi,ipsi,ipsi,ipsi,ipsi,ipsi,ipsi,ipsi,ipsi,ipsi,ipsi,ipsi,ipsi,ipsi,ipsi,ipsi,ipsi,ipsi,ipsi,ipsi,ipsi,ipsi,ipsi,ipsi,ipsi,ipsi,ipsi,ipsi,ipsi,ipsi,ipsi,ipsi,ipsi,ipsi,ipsi,ipsi,ipsi,ipsi,ipsi,ipsi,ipsi,ipsi,ipsi,ipsi,ipsi,ipsi,ipsi,ipsi,ipsi,ipsi,ipsi,ipsi,ipsi,ipsi,ipsi,ipsi,ipsi,ipsi,ipsi,ipsi,ipsi,ipsi,ipsi,ipsi,ipsi,ipsi,ipsi,ipsi,ipsi,ipsi,ipsi,ipsi,ipsi,ipsi,ipsi,ipsi,ipsi,ipsi,ipsi,ipsi,ipsi,ipsi,ipsi,ipsi,ipsi,ipsi,ipsi,ipsi,ipsi,ipsi,ipsi,ipsi,ipsi,ipsi,ipsi,ipsi,ipsi,ipsi,ipsi,ipsi,ipsi,ipsi,ipsi,ipsi,ipsi,ipsi,ipsi,ipsi,ipsi,ipsi,ipsi,ipsi,ipsi,ipsi,ipsi,ipsi,ipsi,ipsi,ipsi,ipsi,ipsi,ipsi,ipsi,ipsi,ipsi,ipsi,ipsi,ipsi,ipsi,ipsi,ipsi,ipsi,ipsi,ipsi,ipsi,ipsi,ipsi,ipsi,ipsi,ipsi,ipsi,ipsi,ipsi,ipsi,ipsi,ipsi,ipsi,ipsi,ipsi,ipsi,ipsi,ipsi,ipsi,ipsi,ipsi,ipsi,ipsi,ipsi,ipsi,ipsi,ipsi,ipsi,ipsi,ipsi,ipsi,ipsi,ipsi,ipsi,ipsi,ipsi,ipsi,ipsi,ipsi,ipsi,ipsi,ipsi,ipsi,ipsi,ipsi,ipsi,ipsi,ipsi,ipsi,ipsi,ipsi,ipsi,ipsi,ipsi,ipsi,ipsi,ipsi,ipsi,ipsi,ipsi,ipsi,ipsi,ipsi,ipsi,ipsi,ipsi,ipsi,ipsi,ipsi,ipsi,ipsi,ipsi,ipsi,ipsi,ipsi,ipsi,ipsi,ipsi,ipsi,ipsi,ipsi,ipsi,ipsi,ipsi,ipsi,ipsi,ipsi,ipsi,ipsi,ipsi,ipsi,ipsi,contra,contra,contra,contra,contra,contra,contra,contra,contra,contra,contra,contra,contra,contra,contra,contra,contra,contra,contra,contra,contra,contra,contra,contra,contra,contra,contra,contra,contra,contra,contra,contra,contra,contra,contra,contra,contra,contra,contra,contra,contra,contra,contra,contra,contra,contra,contra,contra,contra,contra,contra,contra,contra,contra,contra,contra,contra,contra,contra,contra,contra,contra,contra,contra,contra,contra,contra,contra,contra,contra,contra,contra,contra,contra,contra,contra,contra,contra,contra,contra,contra,contra,contra,contra,contra,contra,contra,contra,contra,contra,contra,contra,contra,contra,contra,contra,contra,contra,contra,contra,contra,contra,contra,contra,contra,contra,contra,contra,contra,contra,contra,contra,contra,contra,contra,contra,contra,contra,contra,contra,contra,contra,contra,contra,contra,contra,contra,contra,contra,contra,contra,contra,contra,contra,contra,contra,contra,contra,contra,contra,contra,contra,contra,contra,contra,contra,contra,contra,contra,contra,contra,contra,contra,contra,contra,contra,contra,contra,contra,contra,contra,contra,contra,contra,contra,contra,contra,contra,contra,contra,contra,contra,contra,contra,contra,contra,contra,contra,contra,contra,contra,contra,contra,contra,contra,contra,contra,contra,contra,contra,contra,contra,contra,contra,contra,contra,contra,contra,contra,contra,contra,contra,contra,contra,contra,contra,contra,contra,contra,contra,contra,contra,contra,contra,contra,contra,contra,contra,contra,contra,contra,contra,contra,contra,contra,contra,contra,contra,contra,contra,contra,contra,contra,contra,contra,contra,contra,contra,contra,contra,contra,contra,contra,contra,contra,contra,contra,contra,contra,contra,contra,contra,contra,contra,contra,contra,contra,contra,contra,contra,contra,contra,contra,contra,contra,contra,contra,contra,contra,contra,contra,contra,contra,contra,contra,contra,contra,contra,contra,contra,contra,contra,contra,contra,contra,contra,contra,contra,contra,contra,contra,contra,contra,contra,contra,contra,contra,contra,contra,contra,contra,contra,contra,contra,contra,contra,contra,contra,contra,contra,contra,contra,contra,contra,contra,contra,contra,contra,contra,contra,contra,contra,contra,contra,contra,contra,contra,contra,contra,contra,contra,contra,contra,contra,contra,contra,contra,contra,contra,contra,contra,contra,contra,contra,contra,contra,contra,contra,contra,contra,contra,contra,contra,contra,contra,contra,contra,contra,contra,contra,contra,contra,contra,contra,contra,contra,contra,contra,contra,contra,contra,contra,contra,contra,contra,contra,contra,contra,contra,contra,contra,contra,contra,contra,contra,contra,contra,contra,contra,contra,contra,contra,contra,contra,contra,contra,contra,contra,contra,contra,contra,contra,contra,contra,contra,contra,contra,contra,contra,contra,contra,contra,contra,contra,contra,contra,contra,contra,contra,contra,contra,contra,contra,contra,contra,contra,contra,contra,contra,contra,contra,contra,contra,contra,contra,contra,contra,contra,contra,contra,contra,contra,contra,contra,contra,contra,contra,contra,contra,contra,contra,contra,contra,contra,contra,contra,contra,contra,contra,contra,contra,contra,contra,contra,contra,contra,contra,contra,contra,contra,contra,contra,contra,contra,contra,contra,contra,contra,contra,contra,contra,contra,contra,contra,contra,contra,contra,contra,contra,contra,contra,contra,contra,contra,contra,contra,contra,contra,contra,contra,contra,contra,contra,contra,contra,contra,contra,contra,contra,contra,contra,contra,contra,contra,contra,contra,contra,contra,contra,contra,contra,contra,contra,contra,contra,contra,contra,contra,contra,contra,contra,contra,contra,contra,contra,contra,contra,contra,contra,contra,contra,contra,contra,contra,contra,contra,contra,contra,contra,contra,contra,contra,contra,contra,contra,contra,contra,contra,contra
second,FRP1,FRP2/3,FRP5,FRP6a,FRP6b,MOp1,MOp2/3,MOp5,MOp6a,MOp6b,MOs1,MOs2/3,MOs5,MOs6a,MOs6b,SSp-n1,SSp-n2/3,SSp-n4,SSp-n5,SSp-n6a,SSp-n6b,SSp-bfd1,SSp-bfd2/3,SSp-bfd4,SSp-bfd5,SSp-bfd6a,SSp-bfd6b,SSp-ll1,SSp-ll2/3,SSp-ll4,SSp-ll5,SSp-ll6a,SSp-ll6b,SSp-m1,SSp-m2/3,SSp-m4,SSp-m5,SSp-m6a,SSp-m6b,SSp-ul1,SSp-ul2/3,SSp-ul4,SSp-ul5,SSp-ul6a,SSp-ul6b,SSp-tr1,SSp-tr2/3,SSp-tr4,SSp-tr5,SSp-tr6a,SSp-tr6b,SSp-un1,SSp-un2/3,SSp-un4,SSp-un5,SSp-un6a,SSp-un6b,SSs1,SSs2/3,SSs4,SSs5,SSs6a,SSs6b,GU1,GU2/3,GU4,GU5,GU6a,GU6b,VISC1,VISC2/3,VISC4,VISC5,VISC6a,VISC6b,AUDd1,AUDd2/3,AUDd4,AUDd5,AUDd6a,AUDd6b,AUDp1,AUDp2/3,AUDp4,AUDp5,AUDp6a,AUDp6b,AUDpo1,AUDpo2/3,AUDpo4,AUDpo5,AUDpo6a,AUDpo6b,AUDv1,AUDv2/3,AUDv4,AUDv5,AUDv6a,AUDv6b,VISal1,VISal2/3,VISal4,VISal5,VISal6a,VISal6b,VISam1,VISam2/3,VISam4,VISam5,VISam6a,VISam6b,VISl1,VISl2/3,VISl4,VISl5,VISl6a,VISl6b,VISp1,VISp2/3,VISp4,VISp5,VISp6a,VISp6b,VISpl1,VISpl2/3,VISpl4,VISpl5,VISpl6a,VISpl6b,VISpm1,VISpm2/3,VISpm4,VISpm5,VISpm6a,VISpm6b,VISli1,VISli2/3,VISli4,VISli5,VISli6a,VISli6b,VISpor1,VISpor2/3,VISpor4,VISpor5,VISpor6a,VISpor6b,ACAd1,ACAd2/3,ACAd5,ACAd6a,ACAd6b,ACAv1,ACAv2/3,ACAv5,ACAv6a,ACAv6b,PL1,PL2/3,PL5,PL6a,PL6b,ILA1,ILA2/3,ILA5,ILA6a,ILA6b,ORBl1,ORBl2/3,ORBl5,ORBl6a,ORBl6b,ORBm1,ORBm2/3,ORBm5,ORBm6a,ORBm6b,ORBvl1,ORBvl2/3,ORBvl5,ORBvl6a,ORBvl6b,AId1,AId2/3,AId5,AId6a,AId6b,AIp1,AIp2/3,AIp5,AIp6a,AIp6b,AIv1,AIv2/3,AIv5,AIv6a,AIv6b,RSPagl1,RSPagl2/3,RSPagl5,RSPagl6a,RSPagl6b,RSPd1,RSPd2/3,RSPd5,RSPd6a,RSPd6b,RSPv1,RSPv2/3,RSPv5,RSPv6a,RSPv6b,VISa1,VISa2/3,VISa4,VISa5,VISa6a,VISa6b,VISrl1,VISrl2/3,VISrl4,VISrl5,VISrl6a,VISrl6b,TEa1,TEa2/3,TEa4,TEa5,TEa6a,TEa6b,PERI1,PERI2/3,PERI5,PERI6a,PERI6b,ECT1,ECT2/3,ECT5,ECT6a,ECT6b,MOB,AOBgl,AOBgr,AOBmi,AON,TTd,TTv,DP,PIR,NLOT1,NLOT2,NLOT3,COAa,COApl,COApm,PAA,TR,CA1,CA2,CA3,DG-mo,DG-po,DG-sg,FC,IG,ENTl1,ENTl2,ENTl3,ENTl5,ENTl6a,ENTm1,ENTm2,ENTm3,ENTm5,ENTm6,PAR,POST,PRE,SUB,ProS,HATA,APr,CLA,EPd,EPv,LA,BLAa,BLAp,BLAv,BMAa,BMAp,PA,CP,ACB,FS,OT,LSc,LSr,LSv,SF,SH,AAA,BA,CEAc,CEAl,CEAm,IA,MEA,GPe,GPi,SI,MA,MS,NDB,TRS,BST,BAC,VAL,VM,VPL,VPLpc,VPM,VPMpc,PoT,SPFm,SPFp,SPA,PP,MGd,MGv,MGm,LGd-sh,LGd-co,LGd-ip,LP,PO,POL,SGN,AV,AMd,AMv,AD,IAM,IAD,LD,IMD,MD,SMT,PR,PVT,PT,RE,Xi,RH,CM,PCN,CL,PF,PIL,RT,IGL,IntG,LGv,SubG,MH,LH,SO,ASO,PVH,PVa,PVi,ARH,ADP,AVP,AVPV,DMH,MEPO,MPO,OV,PD,PS,PVp,PVpo,SBPV,SCH,SFO,VMPO,VLPO,AHN,LM,MMme,MMl,MMm,MMp,MMd,SUM,TMd,TMv,MPN,PMd,PMv,PVHd,VMH,PH,LHA,LPO,PST,PSTN,PeF,RCH,STN,TU,FF,ME,SCop,SCsg,SCzo,ICc,ICd,ICe,NB,SAG,PBG,MEV,SCO,SNr,VTA,PN,RR,MRN,SCdg,SCdw,SCiw,SCig,PRC,INC,ND,Su3,APN,MPT,NOT,NPC,OP,PPT,CUN,RN,III,MA3,EW,IV,Pa4,VTN,AT,LT,DT,MT,SNc,PPN,IF,IPR,IPC,IPA,IPL,IPI,IPDM,IPDL,IPRL,RL,CLI,DR,NLL,PSV,KF,POR,SOCm,SOCl,B,DTN,PDTg,PCG,PG,PRNc,SG,SUT,TRN,V,P5,Acs5,PC5,I5,CS,LC,LDT,NI,PRNr,RPO,SLC,SLD,AP,DCO,VCO,CU,GR,ECU,NTB,NTS,SPVC,SPVI,SPVO,Pa5,VI,VII,ACVII,AMBd,AMBv,DMX,GRN,ICB,IO,IRN,ISN,LIN,LRNm,LRNp,MARN,MDRNd,MDRNv,PARN,PAS,PGRNd,PGRNl,NR,PRP,PPY,LAV,MV,SPIV,SUV,x,XII,y,RM,RPA,RO,LING,CENT2,CENT3,"CUL4, 5",DEC,FOTU,PYR,UVU,NOD,SIM,ANcr1,ANcr2,PRM,COPY,PFL,FL,FN,IP,DN,VeCB,FRP1,FRP2/3,FRP5,FRP6a,FRP6b,MOp1,MOp2/3,MOp5,MOp6a,MOp6b,MOs1,MOs2/3,MOs5,MOs6a,MOs6b,SSp-n1,SSp-n2/3,SSp-n4,SSp-n5,SSp-n6a,SSp-n6b,SSp-bfd1,SSp-bfd2/3,SSp-bfd4,SSp-bfd5,SSp-bfd6a,SSp-bfd6b,SSp-ll1,SSp-ll2/3,SSp-ll4,SSp-ll5,SSp-ll6a,SSp-ll6b,SSp-m1,SSp-m2/3,SSp-m4,SSp-m5,SSp-m6a,SSp-m6b,SSp-ul1,SSp-ul2/3,SSp-ul4,SSp-ul5,SSp-ul6a,SSp-ul6b,SSp-tr1,SSp-tr2/3,SSp-tr4,SSp-tr5,SSp-tr6a,SSp-tr6b,SSp-un1,SSp-un2/3,SSp-un4,SSp-un5,SSp-un6a,SSp-un6b,SSs1,SSs2/3,SSs4,SSs5,SSs6a,SSs6b,GU1,GU2/3,GU4,GU5,GU6a,GU6b,VISC1,VISC2/3,VISC4,VISC5,VISC6a,VISC6b,AUDd1,AUDd2/3,AUDd4,AUDd5,AUDd6a,AUDd6b,AUDp1,AUDp2/3,AUDp4,AUDp5,AUDp6a,AUDp6b,AUDpo1,AUDpo2/3,AUDpo4,AUDpo5,AUDpo6a,AUDpo6b,AUDv1,AUDv2/3,AUDv4,AUDv5,AUDv6a,AUDv6b,VISal1,VISal2/3,VISal4,VISal5,VISal6a,VISal6b,VISam1,VISam2/3,VISam4,VISam5,VISam6a,VISam6b,VISl1,VISl2/3,VISl4,VISl5,VISl6a,VISl6b,VISp1,VISp2/3,VISp4,VISp5,VISp6a,VISp6b,VISpl1,VISpl2/3,VISpl4,VISpl5,VISpl6a,VISpl6b,VISpm1,VISpm2/3,VISpm4,VISpm5,VISpm6a,VISpm6b,VISli1,VISli2/3,VISli4,VISli5,VISli6a,VISli6b,VISpor1,VISpor2/3,VISpor4,VISpor5,VISpor6a,VISpor6b,ACAd1,ACAd2/3,ACAd5,ACAd6a,ACAd6b,ACAv1,ACAv2/3,ACAv5,ACAv6a,ACAv6b,PL1,PL2/3,PL5,PL6a,PL6b,ILA1,ILA2/3,ILA5,ILA6a,ILA6b,ORBl1,ORBl2/3,ORBl5,ORBl6a,ORBl6b,ORBm1,ORBm2/3,ORBm5,ORBm6a,ORBm6b,ORBvl1,ORBvl2/3,ORBvl5,ORBvl6a,ORBvl6b,AId1,AId2/3,AId5,AId6a,AId6b,AIp1,AIp2/3,AIp5,AIp6a,AIp6b,AIv1,AIv2/3,AIv5,AIv6a,AIv6b,RSPagl1,RSPagl2/3,RSPagl5,RSPagl6a,RSPagl6b,RSPd1,RSPd2/3,RSPd5,RSPd6a,RSPd6b,RSPv1,RSPv2/3,RSPv5,RSPv6a,RSPv6b,VISa1,VISa2/3,VISa4,VISa5,VISa6a,VISa6b,VISrl1,VISrl2/3,VISrl4,VISrl5,VISrl6a,VISrl6b,TEa1,TEa2/3,TEa4,TEa5,TEa6a,TEa6b,PERI1,PERI2/3,PERI5,PERI6a,PERI6b,ECT1,ECT2/3,ECT5,ECT6a,ECT6b,MOB,AOBgl,AOBgr,AOBmi,AON,TTd,TTv,DP,PIR,NLOT1,NLOT2,NLOT3,COAa,COApl,COApm,PAA,TR,CA1,CA2,CA3,DG-mo,DG-po,DG-sg,FC,IG,ENTl1,ENTl2,ENTl3,ENTl5,ENTl6a,ENTm1,ENTm2,ENTm3,ENTm5,ENTm6,PAR,POST,PRE,SUB,ProS,HATA,APr,CLA,EPd,EPv,LA,BLAa,BLAp,BLAv,BMAa,BMAp,PA,CP,ACB,FS,OT,LSc,LSr,LSv,SF,SH,AAA,BA,CEAc,CEAl,CEAm,IA,MEA,GPe,GPi,SI,MA,MS,NDB,TRS,BST,BAC,VAL,VM,VPL,VPLpc,VPM,VPMpc,PoT,SPFm,SPFp,SPA,PP,MGd,MGv,MGm,LGd-sh,LGd-co,LGd-ip,LP,PO,POL,SGN,AV,AMd,AMv,AD,IAM,IAD,LD,IMD,MD,SMT,PR,PVT,PT,RE,Xi,RH,CM,PCN,CL,PF,PIL,RT,IGL,IntG,LGv,SubG,MH,LH,SO,ASO,PVH,PVa,PVi,ARH,ADP,AVP,AVPV,DMH,MEPO,MPO,PD,PS,PVp,PVpo,SBPV,SCH,SFO,VMPO,VLPO,AHN,LM,MMme,MMl,MMm,MMp,MMd,SUM,TMd,TMv,MPN,PMd,PMv,PVHd,VMH,PH,LHA,LPO,PST,PSTN,PeF,RCH,STN,TU,FF,ME,SCop,SCsg,SCzo,ICc,ICd,ICe,NB,SAG,PBG,MEV,SCO,SNr,VTA,PN,RR,MRN,SCdg,SCdw,SCiw,SCig,PRC,INC,ND,Su3,APN,MPT,NOT,NPC,OP,PPT,CUN,RN,III,MA3,IV,Pa4,VTN,AT,LT,DT,MT,SNc,PPN,IF,IPR,IPC,IPA,IPL,IPI,IPDM,IPDL,IPRL,RL,CLI,DR,NLL,PSV,KF,POR,SOCm,SOCl,B,DTN,PDTg,PCG,PG,PRNc,SG,SUT,TRN,V,P5,Acs5,PC5,I5,CS,LC,LDT,NI,PRNr,RPO,SLC,SLD,AP,DCO,VCO,CU,GR,ECU,NTB,NTS,SPVC,SPVI,SPVO,Pa5,VI,VII,ACVII,AMBd,AMBv,DMX,GRN,ICB,IO,IRN,ISN,LIN,LRNm,LRNp,MARN,MDRNd,MDRNv,PARN,PAS,PGRNd,PGRNl,NR,PRP,PPY,LAV,MV,SPIV,SUV,x,XII,y,LING,CENT2,CENT3,"CUL4, 5",DEC,FOTU,PYR,UVU,NOD,SIM,ANcr1,ANcr2,PRM,COPY,PFL,FL,FN,IP,DN,VeCB
MOp1,,,,,,,,,,,,,,,,,,,,,,,,,,,,,,,,,,,,,,,,,,,,,,,,,,,,,,,,,,,,,,,,,,,,,,,,,,,,,,,,,,,,,,,,,,,,,,,,,,,,,,,,,,,,,,,,,,,,,,,,,,,,,,,,,,,,,,,,,,,,,,,,,,,,,,,,,,,,,,,,,,,,,,,,,,,,,,,,,,,,,,,,,,,,,,,,,,,,,,,,,,,,,,,,,,,,,,,,,,,,,,,,,,,,,,,,,,,,,,,,,,,,,,,,,,,,,,,,,,,,,,,,,,,,,,,,,,,,,,,,,,,,,,,,,,,,,,,,,,,,,,,,,,,,,,,,,,,,,,,,,,,,,,,,,,,,,,,,,,,,,,,,,,,,,,,,,,,,,,,,,,,,,,,,,,,,,,,,,,,,,,,,,,,,,,,,,,,,,,,,,,,,,,,,,,,,,,,,,,,,,,,,,,,,,,,,,,,,,,,,,,,,,,,,,,,,,,,,,,,,,,,,,,,,,,,,,,,,,,,,,,,,,,,,,,,,,,,,,,,,,,,,,,,,,,,,,,,,,,,,,,,,,,,,,,,,,,,,,,,,,,,,,,,,,,,,,,,,,,,,,,,,,,,,,,,,,,,,,,,,,,,,,,,,,,,,,,,,,,,,,,,,,,,,,,,,,,,,,,,,,,,,,,,,,,,,,,,,,,,,,,,,,,,,,,,,,,,,,,,,,,,,,,,,,,,,,,,,,,,,,,,,,,,,,,,,,,,,,,,,,,,,,,,,,,,,,,,,,,,,,,,,,,,,,,,,,,,,,,,,,,,,,,,,,,,,,,,,,,,,,,,,,,,,,,,,,,,,,,,,,,,,,,,,,,,,,,,,,,,,,,,,,,,,,,,,,,,,,,,,,,,,,,,,,,,,,,,,,,,,,,,,,,,,,,,,,,,,,,,,,,,,,,,,,,,,,,,,,,,,,,,,,,,,,,,,,,,,,,,,,,,,,,,,,,,,,,,,,,,,,,,,,,,,,,,,,,,,,,,,,,,,,,,,,,,,,,,,,,,,,,,,,,,,,,,,,,,,,,,,,,,,,,,,,,,,,,,,,,,,,,,,,,,,,,,,,,,,,,,,,,,,,,,,,,,,,,,,,,,,,,,,,,,,,,,,,,,,,,,,,,,,,,,,,,,,,,,,,,,,,,,,,,,,,,,,,,,,,,,,,,,,,,,,,,,,,,,,,,,,,,,
MOp2/3,,,,,,,,,,,,,,,,,,,,,,,,,,,,,,,,,,,,,,,,,,,,,,,,,,,,,,,,,,,,,,,,,,,,,,,,,,,,,,,,,,,,,,,,,,,,,,,,,,,,,,,,,,,,,,,,,,,,,,,,,,,,,,,,,,,,,,,,,,,,,,,,,,,,,,,,,,,,,,,,,,,,,,,,,,,,,,,,,,,,,,,,,,,,,,,,,,,,,,,,,,,,,,,,,,,,,,,,,,,,,,,,,,,,,,,,,,,,,,,,,,,,,,,,,,,,,,,,,,,,,,,,,,,,,,,,,,,,,,,,,,,,,,,,,,,,,,,,,,,,,,,,,,,,,,,,,,,,,,,,,,,,,,,,,,,,,,,,,,,,,,,,,,,,,,,,,,,,,,,,,,,,,,,,,,,,,,,,,,,,,,,,,,,,,,,,,,,,,,,,,,,,,,,,,,,,,,,,,,,,,,,,,,,,,,,,,,,,,,,,,,,,,,,,,,,,,,,,,,,,,,,,,,,,,,,,,,,,,,,,,,,,,,,,,,,,,,,,,,,,,,,,,,,,,,,,,,,,,,,,,,,,,,,,,,,,,,,,,,,,,,,,,,,,,,,,,,,,,,,,,,,,,,,,,,,,,,,,,,,,,,,,,,,,,,,,,,,,,,,,,,,,,,,,,,,,,,,,,,,,,,,,,,,,,,,,,,,,,,,,,,,,,,,,,,,,,,,,,,,,,,,,,,,,,,,,,,,,,,,,,,,,,,,,,,,,,,,,,,,,,,,,,,,,,,,,,,,,,,,,,,,,,,,,,,,,,,,,,,,,,,,,,,,,,,,,,,,,,,,,,,,,,,,,,,,,,,,,,,,,,,,,,,,,,,,,,,,,,,,,,,,,,,,,,,,,,,,,,,,,,,,,,,,,,,,,,,,,,,,,,,,,,,,,,,,,,,,,,,,,,,,,,,,,,,,,,,,,,,,,,,,,,,,,,,,,,,,,,,,,,,,,,,,,,,,,,,,,,,,,,,,,,,,,,,,,,,,,,,,,,,,,,,,,,,,,,,,,,,,,,,,,,,,,,,,,,,,,,,,,,,,,,,,,,,,,,,,,,,,,,,,,,,,,,,,,,,,,,,,,,,,,,,,,,,,,,,,,,,,,,,,,,,,,,,,,,,,,,,,,,,,,,,,,,,,,,,,,,,,,,,,,,,,,,,,,,,,,,,,,,,,,,,,,,,,,,,,,,,,,,,,
MOp5,,,,,,,,,,,,,,,,,,,,,,,,,,,,,,,,,,,,,,,,,,,,,,,,,,,,,,,,,,,,,,,,,,,,,,,,,,,,,,,,,,,,,,,,,,,,,,,,,,,,,,,,,,,,,,,,,,,,,,,,,,,,,,,,,,,,,,,,,,,,,,,,,,,,,,,,,,,,,,,,,,,,,,,,,,,,,,,,,,,,,,,,,,,,,,,,,,,,,,,,,,,,,,,,,,,,,,,,,,,,,,,,,,,,,,,,,,,,,,,,,,,,,,,,,,,,,,,,,,,,,,,,,,,,,,,,,,,,,,,,,,,,,,,,,,,,,,,,,,,,,,,,,,,,,,,,,,,,,,,,,,,,,,,,,,,,,,,,,,,,,,,,,,,,,,,,,,,,,,,,,,,,,,,,,,,,,,,,,,,,,,,,,,,,,,,,,,,,,,,,,,,,,,,,,,,,,,,,,,,,,,,,,,,,,,,,,,,,,,,,,,,,,,,,,,,,,,,,,,,,,,,,,,,,,,,,,,,,,,,,,,,,,,,,,,,,,,,,,,,,,,,,,,,,,,,,,,,,,,,,,,,,,,,,,,,,,,,,,,,,,,,,,,,,,,,,,,,,,,,,,,,,,,,,,,,,,,,,,,,,,,,,,,,,,,,,,,,,,,,,,,,,,,,,,,,,,,,,,,,,,,,,,,,,,,,,,,,,,,,,,,,,,,,,,,,,,,,,,,,,,,,,,,,,,,,,,,,,,,,,,,,,,,,,,,,,,,,,,,,,,,,,,,,,,,,,,,,,,,,,,,,,,,,,,,,,,,,,,,,,,,,,,,,,,,,,,,,,,,,,,,,,,,,,,,,,,,,,,,,,,,,,,,,,,,,,,,,,,,,,,,,,,,,,,,,,,,,,,,,,,,,,,,,,,,,,,,,,,,,,,,,,,,,,,,,,,,,,,,,,,,,,,,,,,,,,,,,,,,,,,,,,,,,,,,,,,,,,,,,,,,,,,,,,,,,,,,,,,,,,,,,,,,,,,,,,,,,,,,,,,,,,,,,,,,,,,,,,,,,,,,,,,,,,,,,,,,,,,,,,,,,,,,,,,,,,,,,,,,,,,,,,,,,,,,,,,,,,,,,,,,,,,,,,,,,,,,,,,,,,,,,,,,,,,,,,,,,,,,,,,,,,,,,,,,,,,,,,,,,,,,,,,,,,,,,,,,,,,,,,,,,,,,,,,,,,,,,,,,,,,,,
MOp6a,1.8165195443295164e-06,1.0682969383392317e-08,4.9124132071639254e-08,8.022310685217338e-08,1.2413804061127607e-08,0.0024447789618739003,0.0436393681668699,0.10001940742186609,0.13722315923565398,0.004849016018353635,0.00031486217314812475,0.0002612305200653905,0.0002716946622653249,0.00019388126237978546,3.828715391450069e-07,2.629254498825349e-05,4.5944622198152564e-12,1.8915750864618435e-08,7.98372384765516e-08,0.00016568773096809196,1.310996813066387e-07,6.87407787812102e-05,3.1294965685823165e-07,2.4514061698274985e-07,1.5307049819035254e-06,0.00022731063817788856,1.2788476347554697e-05,0.00014869322268989995,0.0007711850403998189,0.001727936222704585,0.006122135086739146,0.003858845746692489,0.0006348878526286735,0.0005649220677145844,4.413951498202371e-06,2.5627819220131757e-07,1.8970597336434762e-07,3.9591636459275816e-07,3.5969155046063626e-08,0.00022420259648780935,0.00011473711895044236,0.000869531078936023,0.0009696513929994048,0.0011871473853247543,0.00041834601345327023,4.468633804548246e-06,0.0,0.0,3.466960663689102e-05,0.00011552152584712133,1.2034981265987786e-07,5.9269184503860606e-05,1.277156366046936e-06,1.4645759167006057e-05,8.165435914552322e-06,6.638986738948522e-05,2.5479085027680124e-07,0.00029103970519673064,9.199778580742849e-06,0.0,1.3744570565271578e-08,3.242239211251916e-05,1.3346448081093768e-05,0.0003759906807500276,6.983790523342379e-05,0.0,0.0,0.0,0.0,6.833094054153092e-05,2.9900436562884885e-06,1.2951809608045534e-08,0.0,2.0865392898900895e-08,0.0,1.1581676546490525e-06,0.0,0.0,0.0,1.2441687942026587e-06,5.1665382278955945e-06,1.1449689643139959e-06,1.7180951094791497e-07,0.0,2.4398378472674063e-06,1.4385853221695983e-05,2.3288374148874136e-06,0.0,0.0,0.0,6.931177924035092e-05,3.162520227976551e-05,0.0,6.736767327027866e-05,4.832901006552816e-05,0.0,4.265419321675373e-06,8.22515463136319e-07,0.0,8.09777828689847e-07,0.0,0.0,0.0,2.4606437278527984e-05,1.621439331092821e-06,0.0,0.0,0.0,0.0,0.0,1.731276176581614e-10,4.699875127453291e-06,4.4561747416808044e-07,0.0,0.0,0.0,0.0,3.363235434955333e-05,2.4476218366239084e-07,0.0,1.1446184554116625e-08,6.03718383735448e-09,0.0,5.3723465092510397e-05,3.652134665700822e-06,0.0,0.0,0.0,0.0,0.0,0.0,0.0,8.611673017872082e-08,1.4457033004950768e-07,1.812907481382732e-10,1.7289186488735368e-06,0.0,0.0,0.0,0.0,0.0,1.3863394237619906e-05,3.1880847523231806e-07,0.0,0.0,0.0,0.0,2.3573998560819606e-05,3.0950850406423964e-05,1.6465436670955176e-05,2.3983559523730317e-06,1.2360169358988574e-09,5.123201936874523e-05,1.0601632334879047e-05,2.746915356715284e-05,6.829360688652731e-10,8.304773045185844e-09,2.973075490183694e-06,1.7996642942514237e-08,3.2814971492734207e-08,7.870542331208564e-08,1.2133585520615013e-15,4.127500897582794e-10,0.0,0.0,8.033564721259514e-09,0.0,1.1466706888521344e-06,3.716990930041419e-08,1.213599571548028e-09,2.4003781792839855e-07,9.695696047259691e-11,1.678669990957183e-05,0.0,0.0,0.0,0.0,4.304937438599368e-06,0.0,0.0,2.954305362130079e-09,2.37877208127369e-09,0.00022098611944409855,0.00011739618011293482,0.0,0.0,2.456539053528043e-09,7.848364493775804e-05,7.483154715505706e-06,0.0,0.0,0.0,0.0002567854037413303,6.330040507117258e-05,0.0,4.062148619783517e-09,0.0,3.760387028683707e-05,4.941571780389992e-08,0.0,1.819571840466541e-08,0.0,3.352622850697365e-05,1.8737776375831102e-07,4.4686292880730864e-07,3.8301703235387557e-07,1.2531933862800601e-09,3.183968422342669e-05,1.1678678506037946e-06,1.6729783979436374e-07,1.0826684496558739e-08,5.676611060597469e-12,2.6251950383959353e-05,6.694109355565563e-06,6.580256456070157e-06,0.0,9.608026018990742e-07,3.9429141393168696e-08,0.0,0.0,0.0,0.0,6.428452079836118e-06,3.08762534033223e-08,0.0001827219759295759,0.00011677277374832978,5.864253081863448e-06,0.0001005685039687979,0.00010320382521735104,1.1901222368874424e-06,3.4767522439956796e-05,3.7370119987966165e-08,0.0,0.0,0.0,0.00013780377685997932,1.3970034614396298e-05,4.9156251269901026e-05,1.0294197110040173e-05,0.0,8.974194943692993e-05,2.902037801638918e-08,0.0,0.0,2.273721951760906e-05,8.227560974569393e-07,6.576167715827782e-05,2.803230407886284e-06,0.0010696981966682422,7.56354003274172e-06,0.0,0.0,3.3210365439724973e-06,2.292605664246316e-05,7.036362248384248e-06,9.51657461892301e-05,5.0238087470905054e-05,2.5543266871886063e-05,4.9895409951437574e-11,6.95713773811835e-06,0.0003782661353958171,1.0699157866376276e-10,3.051028878144909e-06,1.3771251434550213e-08,2.4174141290887247e-05,0.00011756724060052252,1.5063469634061255e-05,0.0,0.0,0.0,0.00010788708234006042,5.145008121258124e-06,0.0,0.0,0.0,2.4947719835540503e-05,9.002879585335224e-05,5.020469487632648e-06,3.626033865462402e-05,1.030619093043239e-05,4.450248145633356e-07,6.098038680320441e-06,9.917857412688332e-10,1.4402053959874112e-08,0.0,1.5064526367600835e-08,0.0,0.0,0.0,7.49190252196738e-09,0.0,1.113160312703434e-06,0.08388220785913995,1.0890225528126201e-08,0.0,0.0015378364254269349,8.996634266325413e-09,1.638141222440201e-09,0.0,1.996691892940091e-06,0.0,4.589038779781841e-05,0.0,0.0,0.0,0.0,0.0,2.924880340237575e-05,0.0006432109201410753,9.935558512372853e-06,4.6918077677038945e-08,0.0,3.2516143172859695e-09,0.0004563679013709025,4.440788010923161e-06,9.32975004658795e-07,0.0,0.057657756695079145,0.020468028221008686,0.15701969641302696,0.0002898704971164259,0.06827573097443086,4.967370879690408e-06,0.0019312606145592348,2.208761480502151e-07,6.264639811533012e-06,5.666642111147893e-08,1.638192051608127e-05,6.772624784423954e-05,0.0003182067563209464,0.008010789074944687,7.975461451231831e-07,7.013375553882076e-07,0.0,0.0033326530711448215,0.14797362851745943,6.588779143671562e-06,0.0003429401308925706,3.306181107483165e-05,3.573843248062463e-06,1.2711582880706452e-05,3.0395771139388653e-10,1.1605078386851489e-06,2.3079128466596082e-05,0.0010625804055830186,1.6626334288983054e-06,0.0256148249516747,0.00027557459365210745,6.046751866614563e-08,9.126674135224745e-06,6.80649636307186e-10,1.9900202332666223e-06,2.263998179709057e-07,3.3400370233356273e-05,0.00012336181797257184,0.003332533935490983,0.022939749317288812,0.02668483943958802,6.024598477052398e-06,0.036062183176976174,1.0310295797793906e-06,2.5628870277762533e-06,1.1334529579779973e-06,0.0,1.7610273259888848e-06,1.4961917027922719e-05,8.629409166476e-06,0.0,8.082723653394023e-10,2.4018693110910194e-07,2.80263064159598e-09,5.626707109397077e-05,0.0,0.0,6.373895805381048e-06,0.0,3.001275581639684e-06,0.0,2.7276787080289785e-07,0.0,0.0,1.2978739293546849e-05,5.476145696380787e-09,0.0,0.0,4.9839495895426415e-06,0.0,1.9997818012708293e-06,0.0,5.943796728509568e-07,4.4972758743956846e-07,2.7803616560433644e-05,0.0,1.098857861919248e-06,5.492873624902521e-05,6.301292663838499e-05,1.1375153085520359e-07,6.590146564298059e-05,0.0,0.0,3.1934798735762744e-06,1.3000655430703212e-09,0.0,1.1712539539796479e-07,0.0002993011686211342,0.0,0.0,1.6804815342150988e-07,0.0,4.2907397183133505e-08,4.988365888109778e-06,0.00040227651572302887,1.288359684036915e-05,0.00010006551877875445,1.6196051062368522e-06,1.6727100751976238e-05,6.13163120719962e-05,7.75997389898233e-09,5.166769621541553e-08,2.2049683333232513e-06,1.9473499118659468e-08,5.957856710710749e-09,6.096515465360048e-06,0.0,1.0953558114840591e-10,0.00042364442131681866,2.112946301551479e-06,0.0,7.35078949558998e-08,0.00029871033133606985,3.848448813687512e-06,8.27262153282219e-08,1.389814637760792e-05,6.598525428939062e-05,4.272564698346804e-09,4.712928168387926e-07,1.0319474658876104e-07,5.349600928206402e-08,5.635691235775682e-05,0.0,3.4035346125228174e-06,3.7439747357487825e-07,1.5332884437699514e-09,3.2261470337021715e-08,1.6973407004757867e-05,8.291864553697055e-06,1.0615583723403003e-08,7.554964612572598e-08,9.582321920640762e-08,5.1195549344930016e-11,0.0,0.0,0.0,6.297532031630184e-08,1.0934201421871613e-08,4.450186526659227e-05,4.5018029607861814e-07,5.6706102004882805e-08,5.245258726399524e-09,3.7132077098132844e-06,1.0438441516123357e-05,0.0,2.218561880704407e-06,9.96471401786385e-06,0.0,0.0,2.5991484985806904e-09,9.961868427590017e-09,5.2277739398166914e-08,0.0,1.5733650178873306e-05,1.9037713121290688e-07,4.485870509653842e-08,1.71601733631222e-05,0.0,1.274152784547771e-07,3.479909545298174e-09,0.0,0.0,5.1026181491873585e-08,8.552554945929128e-05,3.5167757180630884e-06,0.0,5.731780974340153e-08,2.7674575333558443e-05,0.0,1.3469397498547436e-09,0.0,2.4412534080896764e-07,0.0,4.625678069631133e-08,7.10523805804458e-10,6.647288012147727e-08,4.2696600182363715e-09,4.919995133724558e-06,0.0,9.521921534986568e-10,1.9532699062952584e-08,2.3478041916262156e-07,3.8843397062173546e-05,0.00024045171113612265,5.97565922938566e-08,7.994831109773293e-07,8.764914909548288e-06,1.1928076125095497e-05,1.2081532587598017e-06,8.534920328054223e-05,3.536926852547238e-05,3.976854736012186e-07,3.81685418093203e-06,0.0,2.1973985792910092e-05,2.0687096988608234e-08,0.0,0.0,5.9339864553037046e-08,7.828017203848762e-06,0.0,5.231939747154747e-05,2.0752439611387166e-06,0.0,1.3556961843019415e-09,6.33151065841177e-05,4.013250830410464e-05,9.642453954801218e-06,6.422294151155958e-05,1.626307249560681e-06,2.1721766174258905e-05,1.148424992043123e-08,1.4106525449944305e-07,2.144949250773182e-05,7.485137695667325e-09,1.192552386776376e-07,3.015872073437784e-06,1.8081869489594945e-09,2.8845078587621557e-07,7.4881978261772544e-06,6.329055860559965e-09,1.6910776915845505e-07,6.510835483786285e-12,0.0,1.2523014500522084e-05,0.0007873440971017967,3.7287695087615526e-06,1.6442101216872465e-08,4.964328857514534e-06,3.9839764925761325e-06,4.7318317908688954e-05,1.0393138072245684e-05,8.480210483357447e-07,6.682653863907724e-11,8.23040901135988e-06,6.07635477262158e-06,7.880234983953112e-05,0.00011402914722717551,2.5532463295880713e-05,0.00013963975550370793,2.0525042632738513e-05,0.0008728946637681276,1.1991531185869845e-05,3.1683677894295826e-09,3.2934419867954354e-09,3.025178001713352e-08,1.4855117478534675e-12,1.4199338868735663e-06,0.0,0.0,0.0,0.0,0.00033390503922545037,0.0002536313479688102,9.029099913759103e-05,1.371550697717715e-06,6.673981884973083e-08,6.191424360959211e-05,4.3883935985588956e-08,5.96590292953461e-09,7.450444274013927e-08,2.6219373863894235e-09,2.8196347283448574e-06,0.0,0.0,0.0,3.0150406151737608e-09,1.2087215493572154e-11,3.6841400608810706e-06,0.0,0.0,0.0,0.0,0.0,6.416914036947023e-05,1.5020773144711572e-05,2.5572581771830866e-05,3.115715627343222e-05,7.906463838590851e-05,1.4345457565119357e-05,1.2529618726749412e-05,0.0,0.0,0.0,1.6274619381136818e-07,1.2003699306673153e-05,3.3632236616880347e-06,1.1427007122217305e-07,2.1026275354586035e-08,5.276469281440507e-06,4.0818891352264914e-05,2.416183541719818e-05,1.8592631936925791e-09,0.0,0.0,0.0,0.0,0.0,1.8147831622113808e-07,0.0,0.0,0.0,0.0,0.0,9.042131477110104e-05,2.0674566692670525e-11,0.0,1.3270414839746812e-08,4.811511192934839e-05,6.964632641004135e-06,6.750170940051506e-05,9.457005319487747e-07,0.0,0.0,0.0,0.0,1.5990958366881223e-05,0.0,0.0,1.2807663551939185e-08,2.004894809237988e-05,0.0,1.3455140091681402e-08,0.0,0.0,0.0,1.9243483620812185e-05,0.0,9.626733655473347e-06,0.0,0.0,0.0,0.0,0.0,0.0,0.0,0.0,0.0,0.0,0.0,3.2955233349494695e-06,0.0,0.0,2.3423445610558182e-11,5.254056640738139e-10,0.0,0.0,0.0,0.0,0.0,0.0,0.0,0.0,0.0,0.0,0.0,0.0,0.0,0.0,0.0,0.0,0.0,0.0,6.496691665436008e-08,6.4190578621706025e-06,3.605735124574966e-07,0.0,0.0,0.0,5.565032057240708e-07,6.642179427229931e-06,1.9281664724015527e-07,0.0,0.0,0.0,0.0,0.0,0.0,0.0,0.0,0.0,0.0,0.0,0.0,0.0,0.0,0.0,0.0,6.721319720646726e-07,0.0,0.0,0.0,0.0,0.0,1.5077186887434266e-05,0.0,0.0,0.0,0.0,0.00010289310262768907,3.90424013918226e-08,2.8652962631341328e-05,0.0,7.490745785668939e-10,3.7210536979523648e-06,0.0,0.0,0.0,0.0,1.342924220228562e-05,0.0,0.0,0.0,0.0,7.877389072083703e-08,0.0,0.0,0.0,0.0,0.000139879392037832,0.0,0.0,0.0,0.0,4.273681360486722e-07,0.0,0.0,0.0,0.0,9.921846905168127e-05,7.183977654202687e-08,0.0,1.472394191253704e-08,2.20782377101808e-09,1.3800832677028741e-05,0.0,0.0,0.0,0.0,3.1834737111022373e-05,0.0,0.0,2.191922335524856e-09,0.0,9.475006512018802e-06,1.4564580833488258e-06,0.0,0.0,0.0,0.00014489746495846103,1.0802570950136371e-05,2.77875218505981e-08,0.0,0.0,0.00032300726472517754,1.9099156143874694e-05,3.5349654252823557e-07,0.0,0.0,1.7232492630859456e-09,0.0,0.0,0.0,0.0,0.0,0.0,0.0,0.0,0.0,0.0,0.0,2.6431577504107167e-06,0.0,0.0,1.3104364864285496e-08,3.3717234798248705e-08,0.0,2.8976085594909334e-08,0.0,0.0,0.0,0.0,2.626044134152501e-05,0.0,0.0,1.0582533168491905e-09,1.3225550136022304e-10,0.0001831668648362453,0.0,0.0,0.0,6.974390337566336e-05,5.3831945883112585e-05,0.00021235599433503736,1.834572909394731e-05,0.00032694299509354054,5.261236655720828e-05,0.0,0.0,2.5159269692905965e-05,8.311431779081862e-05,7.561031095748025e-05,1.3707519474180107e-05,8.338080751540455e-05,7.302048145502844e-06,0.0,3.536056422940246e-05,0.0014311837154894964,7.894515823498855e-06,0.00011392202386717154,1.3499170990329869e-05,2.3052411128836926e-05,3.5774256718805414e-05,2.2545806151139227e-07,0.0,0.0,0.0,0.0003742528379315536,2.3581108206155577e-05,1.787436753257089e-08,0.0,0.0,0.00018228210259477081,0.0001905180616376786,0.00011156590568940204,3.6993770582491055e-05,4.831911135650154e-06,4.4674605222375705e-06,3.5065356840145496e-05,3.409745426938138e-08,1.0958098467161542e-06,2.7027852817229097e-11,0.0,0.0,0.0,0.0,1.2640033153518894e-06,0.0,0.0,2.2800562658923626e-05,1.1602878631511668e-06,0.0,0.0034576964535618323,0.0,1.85424757447697e-09,0.0,9.232814297490185e-09,0.0,1.043622677441937e-05,3.5927318458247083e-06,0.0,0.0,4.685386386627142e-13,1.4978390646207978e-09,0.0009046367585504344,5.334280954654903e-06,2.1368400774316887e-05,4.450754507201948e-06,4.879647170113848e-07,0.0,0.0006354322952257025,9.616982329670382e-10,0.0,0.0,1.653403873029882e-05,2.8435552374056578e-05,1.099022475346328e-06,0.0,1.0850073097455581e-06,1.2516645441143917e-06,0.0,0.0,3.781613042055115e-08,3.3371868224616035e-09,0.0,5.8973471137210014e-05,2.007002358022307e-05,0.0,1.6703326178411343e-08,0.0,0.0,2.8331639575667255e-05,9.786185561651107e-06,0.0,4.5369972207431273e-07,1.496172597874578e-07,1.3722130917567578e-06,2.3165783660924812e-06,1.7127059187845223e-06,7.603111484842513e-07,1.167550084877721e-06,3.9740637941048304e-05,7.333066456012728e-07,1.1021894906064117e-05,1.4231525301668635e-05,6.03656816971458e-08,6.63414200234604e-08,0.0,9.334817727227397e-06,6.1703528379794006e-09,1.3139624884058029e-05,4.2163823854305485e-05,5.414528071275706e-05,4.738341313962032e-05,6.881638689389254e-07,0.0,2.2719891678124988e-08,0.0,0.0,9.61381462773725e-09,0.0,3.917601438921797e-05,8.790784436410066e-10,1.688121180000226e-05,0.0,2.7914110617594757e-08,1.2649327385711684e-10,1.0953774369209868e-07,5.5260526676074954e-05,0.0,0.0,1.5677298889641203e-06,0.0,6.047287693185681e-07,0.0,0.0,0.0,1.0138961287398837e-05,1.9056355246273952e-08,0.0,1.1160670737021927e-06,0.0,0.0,2.4006966788408943e-06,0.0,1.837034567709245e-08,0.0,4.5575248355710166e-05,0.0,1.7479698477271583e-06,2.9298684221996918e-05,9.608755196926767e-06,1.8909915974953575e-08,1.0846410343257524e-05,0.0,2.0961734791227136e-10,1.5284411405065217e-06,0.0,6.703148296481268e-09,1.5857215730270378e-07,3.3569769127623525e-05,9.394777383186022e-10,0.0,0.0,0.0,5.6775171410616255e-06,0.0,6.198687388768716e-05,4.0261496342147805e-09,9.378522500971004e-05,3.144658243434484e-10,9.123466433522486e-07,1.2809382872052763e-05,1.1854075763706259e-07,2.796055141789662e-08,3.689749533415065e-06,0.0,0.0,0.0,0.0,0.0,3.908276483148681e-05,1.9312303378412637e-07,0.0,0.0,1.9482053080049505e-06,0.0,0.0,0.0,5.928795783266953e-08,3.2452410985079876e-11,3.1941623269850917e-10,1.0413855240042727e-08,7.667674952887634e-08,0.0,0.0,2.470622471315645e-07,2.790523249382996e-09,5.964046675821779e-09,0.0,1.9186212785388334e-05,4.83047177798949e-07,4.10731052158732e-11,4.6966561958296195e-09,0.0,5.8132181106825667e-08,0.0,0.0,4.7600680659343196e-07,0.0,4.240937306792957e-06,0.0,4.339492228377698e-09,3.7899706671615137e-07,2.1505319422286295e-06,2.4352881753343997e-07,0.0,1.1257582673823918e-05,3.3253154762677975e-06,0.0,1.2189251616130866e-09,2.416800596267837e-06,0.0,5.265855336122932e-08,0.0,5.020682426777473e-07,2.6770912885990817e-06,3.89836353232407e-07,6.823619763378158e-05,8.683615891767907e-08,2.354443606506459e-07,0.0,0.0,1.2850025588482165e-10,8.370798445788291e-09,7.260527532411961e-05,3.549193096877165e-06,0.0,4.110515383799919e-07,1.1274826030602807e-06,2.1092763879998035e-09,7.619437199595674e-08,5.361853005882535e-09,2.5562105636045783e-08,2.618189838711631e-09,2.661696947830393e-08,0.0,0.0,1.140606720223094e-09,6.244349702286277e-09,9.687733060333173e-07,0.0,0.0,1.6991389912235174e-10,0.0002175350265841686,0.0001926210331623797,1.8260016099781301e-06,3.559497386983349e-11,2.455976374704862e-07,3.297237710826408e-06,6.976569334350467e-07,3.79935213600865e-06,2.5481652971415517e-06,1.4113299448502853e-06,8.675319130842562e-08,2.6617757215730162e-08,1.0058309030635516e-05,0.0,1.1090604689909284e-08,2.1870957450173504e-08,7.3923980809868115e-09,2.4492851470247237e-05,0.0,1.9714390669631527e-05,7.024019803881753e-06,0.0,1.1747843934565882e-06,1.0467525862623006e-05,1.2563281259906213e-06,5.058143904748516e-06,1.5913010150530324e-05,1.2476491581286653e-05,7.830678841352317e-06,2.9406583287612737e-09,1.016175891667986e-08,1.0612292886076407e-05,5.162085138182856e-08,4.902466951371088e-07,2.731031832938123e-06,4.259941463601732e-08,1.7182506166495353e-07,2.1078373180511693e-06,3.091562068184816e-08,2.405258188268361e-07,3.0960954173825786e-08,0.0,1.0507770492856798e-08,1.9284654336018313e-08,7.378173355567716e-07,3.33608086627266e-05,4.410612824188455e-06,1.1579765000167528e-07,0.0,5.282422879233048e-06,5.2980397435223e-06,1.1802699348987881e-05,1.003673605170809e-05,2.4130411478345383e-06,5.0664514730298554e-05,3.0039059009606817e-05,8.982787595354472e-05,7.296534846211537e-06,4.576950685619504e-10,3.1395254390069368e-09,0.0,3.0805080584050152e-09
MOp6b,,,,,,,,,,,,,,,,,,,,,,,,,,,,,,,,,,,,,,,,,,,,,,,,,,,,,,,,,,,,,,,,,,,,,,,,,,,,,,,,,,,,,,,,,,,,,,,,,,,,,,,,,,,,,,,,,,,,,,,,,,,,,,,,,,,,,,,,,,,,,,,,,,,,,,,,,,,,,,,,,,,,,,,,,,,,,,,,,,,,,,,,,,,,,,,,,,,,,,,,,,,,,,,,,,,,,,,,,,,,,,,,,,,,,,,,,,,,,,,,,,,,,,,,,,,,,,,,,,,,,,,,,,,,,,,,,,,,,,,,,,,,,,,,,,,,,,,,,,,,,,,,,,,,,,,,,,,,,,,,,,,,,,,,,,,,,,,,,,,,,,,,,,,,,,,,,,,,,,,,,,,,,,,,,,,,,,,,,,,,,,,,,,,,,,,,,,,,,,,,,,,,,,,,,,,,,,,,,,,,,,,,,,,,,,,,,,,,,,,,,,,,,,,,,,,,,,,,,,,,,,,,,,,,,,,,,,,,,,,,,,,,,,,,,,,,,,,,,,,,,,,,,,,,,,,,,,,,,,,,,,,,,,,,,,,,,,,,,,,,,,,,,,,,,,,,,,,,,,,,,,,,,,,,,,,,,,,,,,,,,,,,,,,,,,,,,,,,,,,,,,,,,,,,,,,,,,,,,,,,,,,,,,,,,,,,,,,,,,,,,,,,,,,,,,,,,,,,,,,,,,,,,,,,,,,,,,,,,,,,,,,,,,,,,,,,,,,,,,,,,,,,,,,,,,,,,,,,,,,,,,,,,,,,,,,,,,,,,,,,,,,,,,,,,,,,,,,,,,,,,,,,,,,,,,,,,,,,,,,,,,,,,,,,,,,,,,,,,,,,,,,,,,,,,,,,,,,,,,,,,,,,,,,,,,,,,,,,,,,,,,,,,,,,,,,,,,,,,,,,,,,,,,,,,,,,,,,,,,,,,,,,,,,,,,,,,,,,,,,,,,,,,,,,,,,,,,,,,,,,,,,,,,,,,,,,,,,,,,,,,,,,,,,,,,,,,,,,,,,,,,,,,,,,,,,,,,,,,,,,,,,,,,,,,,,,,,,,,,,,,,,,,,,,,,,,,,,,,,,,,,,,,,,,,,,,,,,,,,,,,,,,,,,,,,,,,,,,,,,,,,,,,,,,,,,,,,,,,,,,,,,,,,,,,,,,,,,,,,,,,,,,,,,,,,,,,,,,,,,,,,,
MOs1,,,,,,,,,,,,,,,,,,,,,,,,,,,,,,,,,,,,,,,,,,,,,,,,,,,,,,,,,,,,,,,,,,,,,,,,,,,,,,,,,,,,,,,,,,,,,,,,,,,,,,,,,,,,,,,,,,,,,,,,,,,,,,,,,,,,,,,,,,,,,,,,,,,,,,,,,,,,,,,,,,,,,,,,,,,,,,,,,,,,,,,,,,,,,,,,,,,,,,,,,,,,,,,,,,,,,,,,,,,,,,,,,,,,,,,,,,,,,,,,,,,,,,,,,,,,,,,,,,,,,,,,,,,,,,,,,,,,,,,,,,,,,,,,,,,,,,,,,,,,,,,,,,,,,,,,,,,,,,,,,,,,,,,,,,,,,,,,,,,,,,,,,,,,,,,,,,,,,,,,,,,,,,,,,,,,,,,,,,,,,,,,,,,,,,,,,,,,,,,,,,,,,,,,,,,,,,,,,,,,,,,,,,,,,,,,,,,,,,,,,,,,,,,,,,,,,,,,,,,,,,,,,,,,,,,,,,,,,,,,,,,,,,,,,,,,,,,,,,,,,,,,,,,,,,,,,,,,,,,,,,,,,,,,,,,,,,,,,,,,,,,,,,,,,,,,,,,,,,,,,,,,,,,,,,,,,,,,,,,,,,,,,,,,,,,,,,,,,,,,,,,,,,,,,,,,,,,,,,,,,,,,,,,,,,,,,,,,,,,,,,,,,,,,,,,,,,,,,,,,,,,,,,,,,,,,,,,,,,,,,,,,,,,,,,,,,,,,,,,,,,,,,,,,,,,,,,,,,,,,,,,,,,,,,,,,,,,,,,,,,,,,,,,,,,,,,,,,,,,,,,,,,,,,,,,,,,,,,,,,,,,,,,,,,,,,,,,,,,,,,,,,,,,,,,,,,,,,,,,,,,,,,,,,,,,,,,,,,,,,,,,,,,,,,,,,,,,,,,,,,,,,,,,,,,,,,,,,,,,,,,,,,,,,,,,,,,,,,,,,,,,,,,,,,,,,,,,,,,,,,,,,,,,,,,,,,,,,,,,,,,,,,,,,,,,,,,,,,,,,,,,,,,,,,,,,,,,,,,,,,,,,,,,,,,,,,,,,,,,,,,,,,,,,,,,,,,,,,,,,,,,,,,,,,,,,,,,,,,,,,,,,,,,,,,,,,,,,,,,,,,,,,,,,,,,,,,,,,,,,,,,,,,,,,,,,,,,,,,,,,,,,,,,,,,,,,,,,,,,,,,,
MOs2/3,,,,,,,,,,,,,,,,,,,,,,,,,,,,,,,,,,,,,,,,,,,,,,,,,,,,,,,,,,,,,,,,,,,,,,,,,,,,,,,,,,,,,,,,,,,,,,,,,,,,,,,,,,,,,,,,,,,,,,,,,,,,,,,,,,,,,,,,,,,,,,,,,,,,,,,,,,,,,,,,,,,,,,,,,,,,,,,,,,,,,,,,,,,,,,,,,,,,,,,,,,,,,,,,,,,,,,,,,,,,,,,,,,,,,,,,,,,,,,,,,,,,,,,,,,,,,,,,,,,,,,,,,,,,,,,,,,,,,,,,,,,,,,,,,,,,,,,,,,,,,,,,,,,,,,,,,,,,,,,,,,,,,,,,,,,,,,,,,,,,,,,,,,,,,,,,,,,,,,,,,,,,,,,,,,,,,,,,,,,,,,,,,,,,,,,,,,,,,,,,,,,,,,,,,,,,,,,,,,,,,,,,,,,,,,,,,,,,,,,,,,,,,,,,,,,,,,,,,,,,,,,,,,,,,,,,,,,,,,,,,,,,,,,,,,,,,,,,,,,,,,,,,,,,,,,,,,,,,,,,,,,,,,,,,,,,,,,,,,,,,,,,,,,,,,,,,,,,,,,,,,,,,,,,,,,,,,,,,,,,,,,,,,,,,,,,,,,,,,,,,,,,,,,,,,,,,,,,,,,,,,,,,,,,,,,,,,,,,,,,,,,,,,,,,,,,,,,,,,,,,,,,,,,,,,,,,,,,,,,,,,,,,,,,,,,,,,,,,,,,,,,,,,,,,,,,,,,,,,,,,,,,,,,,,,,,,,,,,,,,,,,,,,,,,,,,,,,,,,,,,,,,,,,,,,,,,,,,,,,,,,,,,,,,,,,,,,,,,,,,,,,,,,,,,,,,,,,,,,,,,,,,,,,,,,,,,,,,,,,,,,,,,,,,,,,,,,,,,,,,,,,,,,,,,,,,,,,,,,,,,,,,,,,,,,,,,,,,,,,,,,,,,,,,,,,,,,,,,,,,,,,,,,,,,,,,,,,,,,,,,,,,,,,,,,,,,,,,,,,,,,,,,,,,,,,,,,,,,,,,,,,,,,,,,,,,,,,,,,,,,,,,,,,,,,,,,,,,,,,,,,,,,,,,,,,,,,,,,,,,,,,,,,,,,,,,,,,,,,,,,,,,,,,,,,,,,,,,,,,,,,,,,,,,,,,,,,,,,,,,,,,,,,,,,,,,,,,,,,,,,,,
MOs5,,,,,,,,,,,,,,,,,,,,,,,,,,,,,,,,,,,,,,,,,,,,,,,,,,,,,,,,,,,,,,,,,,,,,,,,,,,,,,,,,,,,,,,,,,,,,,,,,,,,,,,,,,,,,,,,,,,,,,,,,,,,,,,,,,,,,,,,,,,,,,,,,,,,,,,,,,,,,,,,,,,,,,,,,,,,,,,,,,,,,,,,,,,,,,,,,,,,,,,,,,,,,,,,,,,,,,,,,,,,,,,,,,,,,,,,,,,,,,,,,,,,,,,,,,,,,,,,,,,,,,,,,,,,,,,,,,,,,,,,,,,,,,,,,,,,,,,,,,,,,,,,,,,,,,,,,,,,,,,,,,,,,,,,,,,,,,,,,,,,,,,,,,,,,,,,,,,,,,,,,,,,,,,,,,,,,,,,,,,,,,,,,,,,,,,,,,,,,,,,,,,,,,,,,,,,,,,,,,,,,,,,,,,,,,,,,,,,,,,,,,,,,,,,,,,,,,,,,,,,,,,,,,,,,,,,,,,,,,,,,,,,,,,,,,,,,,,,,,,,,,,,,,,,,,,,,,,,,,,,,,,,,,,,,,,,,,,,,,,,,,,,,,,,,,,,,,,,,,,,,,,,,,,,,,,,,,,,,,,,,,,,,,,,,,,,,,,,,,,,,,,,,,,,,,,,,,,,,,,,,,,,,,,,,,,,,,,,,,,,,,,,,,,,,,,,,,,,,,,,,,,,,,,,,,,,,,,,,,,,,,,,,,,,,,,,,,,,,,,,,,,,,,,,,,,,,,,,,,,,,,,,,,,,,,,,,,,,,,,,,,,,,,,,,,,,,,,,,,,,,,,,,,,,,,,,,,,,,,,,,,,,,,,,,,,,,,,,,,,,,,,,,,,,,,,,,,,,,,,,,,,,,,,,,,,,,,,,,,,,,,,,,,,,,,,,,,,,,,,,,,,,,,,,,,,,,,,,,,,,,,,,,,,,,,,,,,,,,,,,,,,,,,,,,,,,,,,,,,,,,,,,,,,,,,,,,,,,,,,,,,,,,,,,,,,,,,,,,,,,,,,,,,,,,,,,,,,,,,,,,,,,,,,,,,,,,,,,,,,,,,,,,,,,,,,,,,,,,,,,,,,,,,,,,,,,,,,,,,,,,,,,,,,,,,,,,,,,,,,,,,,,,,,,,,,,,,,,,,,,,,,,,,,,,,,,,,,,,,,,,,,,,,,,,,,,,,,,,,,,,,,
MOs6a,2.7753242606102264e-05,0.00022902530567269313,0.0026158761339065404,0.0019248441949350898,4.480218384247177e-07,0.0012187144599721453,0.0008684645066535832,0.0019430474556548472,0.0016158483204278043,0.00019853839029933498,0.0036465866709391886,0.035703845206595024,0.1210027914634794,0.0981925146502801,0.0010416144016257363,0.0012964681219774059,3.731819950300979e-06,4.2861654406533413e-07,2.406284366837031e-05,8.537878908063945e-05,3.167239398618158e-06,0.0009232700944562776,4.419816270283774e-06,1.3703442507938743e-05,3.554250769520755e-05,0.00014179077059975516,1.200327377249906e-05,9.70158835512735e-05,4.3667618938312875e-06,8.555578677405811e-07,2.8555755487132204e-06,0.00013086399548596875,4.512957585336732e-06,0.0024782926671102342,5.114651521687257e-05,2.3101505079754904e-05,0.00020630151061919828,0.0008539047319028677,1.3628346860349234e-05,0.0002279599964300956,1.8618072264447572e-06,1.5173462977956542e-06,2.389991668991271e-05,0.00020698942367982024,6.267532287737597e-06,6.576281445494061e-05,7.602776805894692e-07,6.693344887749366e-07,2.5219310831727453e-06,3.0285122382990737e-05,7.846919048424538e-06,5.251045048088327e-05,1.046267417041693e-06,9.696809094701955e-07,8.973546251141222e-06,7.157621325802332e-05,8.415457518643068e-07,0.004342915335699779,9.55707238876479e-05,5.326623100358553e-06,0.00013560637449312873,0.00029747123140701204,3.908859606265217e-05,0.0011220438587276323,0.00013547661916958012,2.4284274700106063e-09,4.2801527734669986e-07,2.0007590633834436e-06,4.5995970280675995e-07,0.0018082294142875298,5.9867471943708874e-06,7.91964398190937e-07,1.2083690660318613e-06,6.688710970981133e-06,6.408370027796643e-09,0.00014251500844879525,4.4012158509808147e-07,3.641057527270759e-08,2.3575210152952222e-07,1.4208792508747229e-07,8.803238191313973e-09,0.000379114647919729,2.908929677332914e-06,6.366232821015181e-10,2.195040442601426e-09,1.085395915643288e-08,9.053841842444497e-10,6.48668500275848e-05,5.7579590068996106e-08,1.7177143219027731e-09,4.2865428800611874e-08,8.963309379433638e-08,8.084365140072027e-09,0.0002296699854749827,1.2529136184160594e-06,6.041760012842158e-09,5.161828272517548e-08,1.8122053628272672e-07,2.1875281772642953e-08,0.00014716190266122765,2.0470488865886776e-08,9.95771961324009e-08,4.6200271149508975e-06,1.1177995682370827e-06,3.6298596110693067e-07,7.508831418811764e-06,1.7909533134008615e-07,1.7764295126749317e-07,1.4709709264779125e-06,3.1077616628504255e-06,1.1184075984649072e-06,0.00024105684240586738,1.3283463923156718e-06,1.046478746491302e-09,2.9212358587427595e-08,3.671946874225117e-07,1.3254209507669835e-07,0.0016190070458488774,2.6341852172760313e-05,3.6744976910800536e-07,7.925477429753171e-06,4.2309277522227784e-05,1.7239863562689868e-05,0.00021607661579529875,1.2473186938770454e-05,3.991830565905508e-12,3.5382507913607215e-09,1.8519937049891135e-09,2.599546270359235e-10,5.771476120364244e-05,1.8133002861931745e-07,2.916867097210657e-09,6.421859182639587e-06,1.7505887786707558e-05,1.2928327078348312e-07,1.8576940567632168e-05,6.041959873698345e-07,2.2825475678132487e-08,3.556072814699995e-08,5.210106424339372e-08,6.210169411590439e-09,0.00043583956158168424,5.354533900720938e-05,4.462579073385816e-10,5.2308274241831515e-09,6.223493261316299e-08,9.15841226717698e-09,0.00024167466317834326,0.0001578349740800568,0.002439748656241987,0.004155855930323673,6.597122120882568e-06,0.00019162162918439767,4.37325307568354e-06,4.642287469448519e-05,2.8380633856387292e-05,2.9959651828026876e-05,5.2491746241292565e-05,4.2479570671711795e-06,0.0001477425528777262,0.0006526845632179906,4.86489721473142e-06,4.2540244058527195e-05,5.282180293250711e-11,6.889108849817354e-08,2.349597240323863e-07,1.4430144722794461e-09,1.6282983174541357e-05,1.032906157749135e-05,0.00010251295518748539,7.911884519358401e-05,8.519603443422804e-07,6.323843429588938e-05,1.0696672606363768e-07,8.578953874327789e-07,4.131429536149529e-06,3.55449589329942e-08,0.00021587299817635568,6.470969976533308e-06,1.1441836831694786e-05,1.8765673943660015e-05,1.9502386167163359e-07,0.0011026712232745546,0.0003028013544880815,2.3902434633236983e-05,2.8085036004063744e-05,1.9032390208714454e-06,0.0010743240053177642,3.1966120024841206e-05,8.640592769921081e-09,1.6636168774872789e-09,1.0418332451867214e-10,0.0006912380875746367,2.199727751519855e-05,6.929746891343436e-06,7.592056927473597e-06,3.880377824109403e-08,0.0002218851638766207,1.9400815726923795e-06,1.6616831007728481e-06,5.916109313656393e-06,4.4653456216299184e-07,0.0002896998654877297,0.00010746698819415754,0.00019849270414065316,4.327059080432464e-05,1.2703990996566826e-06,0.0006379031860472577,0.0006824944082017963,0.0005716016064870287,0.00011187275137122598,5.0460875462653206e-06,0.00021861583656896443,1.3949000900616283e-06,2.600620359314295e-06,2.074845621950943e-05,8.537777995166981e-05,1.4613296383120576e-05,0.00012217433407272533,1.5245730170972392e-06,1.3919093365682079e-06,5.051360359904883e-06,3.376765915404465e-05,1.776687181217223e-05,0.0005592837882300797,5.408592311905431e-06,1.6670693815983236e-08,1.1900010526907516e-07,7.853869593570585e-08,4.221549126104163e-09,0.0003113662387721189,2.6262207171683787e-06,6.2634505215792215e-09,1.443660979621845e-09,1.8737196971991128e-10,0.00222997259778382,0.0001887013460304557,2.401625075566857e-07,4.250592571037362e-09,1.0131351722917466e-09,0.0032888130953868,3.0251200340062924e-05,0.0,1.8642111229071058e-06,0.0001258413532270862,6.60139669295881e-05,0.00042942233255042475,1.971854947900076e-05,0.004100095337234931,4.87907968600763e-05,4.801904163013276e-06,1.2277327210383869e-07,0.0004611192077657088,0.0016336113686106588,0.000710459268230934,0.0014239779622481365,0.0013292054365168903,0.00023585084814971356,4.054107766126009e-07,6.479118883248035e-06,0.002559408876589794,7.410680764654531e-07,2.4477161111767102e-05,4.642675347059111e-06,0.00024336292271304028,0.0026890868576725964,0.0004274810209428487,5.185921857165659e-09,9.428083863769817e-09,2.729989338704796e-07,0.00200546091857264,0.0003601917028135354,7.034420183776677e-07,4.369088314012122e-09,2.9197449782492838e-09,0.00017152833090850158,0.0005271631356280716,4.5099637822629785e-05,0.0007924444576602801,7.307231186736201e-05,5.50955002854714e-06,0.00016343049462512878,2.607079628137189e-06,5.114820718653576e-06,3.227378450473151e-05,6.665451908356269e-07,1.1252291850299692e-07,2.4794213374789947e-11,0.0,1.635015482514617e-05,0.0,9.513437229831514e-05,0.039452344329039386,6.6607759351769675e-06,1.3856559063987283e-05,0.0040485612493420566,4.133143028970532e-05,5.9535308310885535e-06,1.8854122639607904e-05,6.9395140227957574e-06,1.534506127571649e-10,7.481485497070225e-05,4.715550628461276e-05,7.114084414462446e-07,1.6582775314296945e-07,1.0673432275146313e-05,1.7407420522521452e-07,0.00038530990769585074,0.0010741959041615282,4.125108387648036e-05,4.3269016231902116e-05,2.6576069587900876e-06,1.9604986550593355e-06,0.0013074731799791047,1.947591752656265e-05,0.00016231971113535255,0.0,0.07447073718553217,0.03122296170561831,0.011247826292049155,2.0716186056053793e-05,0.01667101267328656,0.0006744777680802481,0.0004606592190662307,3.963074823484607e-06,2.1920876533444355e-05,1.3650536707890112e-05,7.251848173250045e-07,0.00014761789468877612,0.00010221412288687993,2.1557020819392712e-05,2.316794835089289e-05,4.256307355719868e-05,2.2597722803362942e-08,0.017537303050325782,0.12212354896554203,5.156982768637211e-05,0.00010019759433233739,0.006429812434142688,0.005292646648176483,0.004005562385063297,0.000219717700789811,0.0009437630044558684,0.0025319527885006164,0.016247911405283567,0.0020768175525934266,0.07202559496898263,0.00962784724803415,3.3676081963279365e-05,0.00010567021735432328,2.5313387934303133e-05,0.00039400699270217016,4.79227910515393e-05,0.0017617024461389812,0.0056707141475950285,0.016844634769979338,0.03391708759005491,0.02215643939995406,3.198024011877017e-06,0.02153260682530745,2.8029226954937623e-06,1.4387857678524953e-06,4.701007178623578e-05,1.2449083840839753e-10,2.3189819966390093e-05,0.00039077076047500055,3.345437574498738e-05,4.1638701007993115e-12,1.85315076004254e-07,5.1250921180433535e-09,1.5716457191535375e-07,0.0002685743508724244,0.0,5.102835307312987e-11,1.736151737121143e-05,1.7282629119470727e-06,3.048240425905365e-06,1.388343602161017e-07,4.191295051764797e-07,0.0,3.070559284581847e-12,0.0001312921186137206,2.011670304292655e-06,0.0,1.7565274229752816e-06,8.493946453609283e-06,5.865267248521561e-07,2.355089169123939e-05,3.0541908603938085e-08,9.326783624689047e-05,1.6254797227502773e-06,0.000252598185262101,5.127601004146973e-06,1.559407352347396e-05,0.00015350629836265254,0.00032201771548418727,4.0540458352688077e-07,0.0006809972148261377,8.009482634659984e-08,1.4205734830132872e-07,1.7271061187937124e-05,7.682317123883275e-07,2.6631421477380538e-06,2.4471873329392338e-05,0.0004767093299837332,8.546871626924245e-07,9.568341653959604e-07,1.393482897463763e-05,4.15223915637732e-10,1.0973399207747834e-05,1.497770782892938e-05,0.0019669690463506155,2.8203149976871194e-05,0.0008113066177820663,3.4403053103862815e-05,0.0002661455486531659,0.0004125774876038526,1.4221418441606754e-07,1.87732357799307e-05,0.0001081614566272888,3.34864989571987e-06,1.1119574513430789e-07,7.45414123323156e-06,1.1522582944684517e-06,1.0812148596411723e-06,0.0011143201875948477,6.265097830385488e-06,2.2089845620453356e-07,1.7269841982272693e-06,0.0005078040462393979,1.926604872106415e-05,2.166188795536492e-06,6.098556603080213e-05,0.0005918972979290746,3.986403867719622e-07,1.8113998469363403e-06,9.245435380236473e-07,3.7391872831630354e-07,0.0001340168831189911,4.748215930302259e-08,5.318104154174665e-05,6.4882852511388916e-06,1.6876514699091793e-09,6.990727062948082e-07,0.00036659710255265314,2.1954591482217734e-05,2.0335877127720036e-09,2.186940322090424e-07,1.0016961476312134e-06,2.08555179891214e-08,7.570937601346247e-09,5.217598462343608e-10,4.96800087679877e-10,5.238592858562313e-09,5.742429664271539e-06,3.4360239939074824e-05,2.362177453325948e-06,5.881835210894744e-06,1.0998954605364093e-05,0.0003378781631912127,6.200342212737014e-05,1.0418211849761563e-11,7.810231612983362e-05,0.00020302059600445498,5.656524490184277e-11,3.879266298415154e-06,4.96164272944937e-07,8.971736280782291e-07,2.438480411010513e-07,5.205857497749276e-07,4.322900561443007e-05,3.263028897322805e-06,2.307295319003288e-06,6.51285652623942e-05,5.813877533484399e-08,1.9377937265723203e-07,7.083067069964445e-08,1.6792736924395622e-09,7.915829435075059e-10,2.5380237000554752e-06,0.0002591916768366084,2.2375208076008336e-05,2.783025965659593e-10,5.577747701051788e-06,7.496737911369244e-05,1.499139544421459e-06,3.2657444285616275e-06,1.5675079959262494e-07,1.4378815350978824e-06,1.1302246549296797e-07,1.5148320016461487e-06,3.464277072341191e-08,2.8064921202085825e-07,1.0185172694365315e-06,2.437530470667678e-05,2.9796134988401635e-08,1.8000834333560788e-07,3.661120770177236e-07,1.0843615502323059e-05,0.00022050185843688192,0.0013151149016536448,5.059323924292673e-06,5.465737393882444e-07,4.380870400088756e-05,3.29780773171656e-06,3.62936643411283e-06,0.0008539408886916811,6.507235822757302e-05,1.0476048499178848e-06,1.517218679326858e-05,2.256665114813119e-11,8.01319446221887e-05,4.862054610500253e-08,1.8722000153739162e-07,1.0841027665777652e-08,6.515897753143818e-08,4.19154281313051e-05,0.0,2.2508335333248333e-05,3.969665246341656e-05,4.0384498058404794e-08,8.262545684381969e-07,4.254885606462064e-05,3.979384052444816e-05,2.3572818359754525e-05,2.344803295132594e-05,1.1348354618511204e-05,2.9913031599227354e-05,3.121212024759523e-08,2.2939466649794823e-06,3.4897293114607484e-05,8.097773278339386e-08,1.3410319254164922e-07,5.176086426663025e-06,1.6750637979512232e-06,6.31210334835691e-06,0.00014949410852923645,3.6562637236927538e-06,2.439341585470932e-07,6.826697391872817e-07,9.848823895575745e-09,1.5261213589359244e-05,0.001524659565338445,8.312704327762482e-06,9.840652493715882e-05,0.0001149826432818415,0.00041029467890735824,0.00043031487479545987,0.00047708953583803517,2.115158197915325e-05,1.3450358832501223e-06,0.00018464357367043804,0.00038751051960033285,0.0008571735053473095,0.0008907128901303608,0.0012307640194657906,0.0013566647053888257,0.0005512074585674191,0.00459500189014997,0.00013481311021969487,1.6692519337393895e-06,5.57901665541649e-08,1.4174645928501923e-07,1.9111732378549665e-06,5.968664185059989e-05,7.046541228881243e-10,1.7526857831888914e-08,4.2859311992518026e-08,1.1232973107664e-10,0.00012477635817412187,4.99407460375983e-06,3.2737322030427486e-05,0.00013988484112021442,5.754548545510817e-05,0.00042661066642866373,3.3718825216284555e-06,3.024742804726124e-05,5.338840379661897e-05,2.4141576915683723e-06,0.00012331445543117914,0.0,7.832571127729647e-11,2.876642028684509e-10,2.481461957215724e-09,8.300704845465794e-10,6.299853383049006e-05,2.29140586685678e-10,1.7457485920209156e-10,5.196883717624775e-09,8.199219686733337e-09,3.13229515111063e-09,1.5888240972388864e-05,1.9689567867683741e-07,2.6219799979553167e-10,1.937500604817455e-09,2.7726401822323218e-08,8.806510257735453e-09,0.000372643961848485,3.6704895050347155e-08,2.4930037492540258e-05,9.969759493152774e-05,0.00013083701360042146,3.216676807420827e-05,1.7506215637820305e-05,8.119306468658233e-10,3.6301967348898306e-08,1.3576638891076588e-07,5.837663274554182e-07,3.415424973221929e-08,1.6721371690754985e-06,4.7700908533729165e-09,1.0300623376982721e-10,9.807549580605e-10,1.9812982700735563e-07,4.1349379486025136e-08,4.741954273134261e-06,4.643246721267187e-11,0.0,1.9932668971185751e-10,1.6239357051037465e-09,2.416710839667011e-10,0.0005052887025361058,6.853942364065254e-10,1.4084467398384115e-07,0.00026788305846797824,0.0003016349169362628,2.4427557877951627e-06,0.00017622440164125769,4.276914906384603e-06,0.0,3.787080807652547e-09,4.112690309601277e-06,1.932988548254301e-06,2.681226656933792e-05,1.3513094097798932e-11,0.0,1.1410828011270659e-09,5.266371390984371e-07,1.1244159546997287e-06,1.6971960420009725e-06,5.252345988286142e-10,5.700545362106809e-11,1.2332064935692397e-05,1.4889616837615774e-09,9.884367000497708e-10,5.1201569988994226e-06,1.0548368402092242e-09,1.0035803223656746e-10,1.2995953679882246e-09,1.3749853104376129e-09,2.9415012213437384e-11,1.0437637356502123e-05,2.3276071120110067e-10,1.194318765642617e-10,1.247851420498807e-09,1.134886505019769e-09,5.7537464909960795e-11,4.969885584517711e-06,4.1528948884818674e-10,4.8435957109881964e-11,1.9295602158545495e-09,2.559103712585836e-09,4.4254108944421026e-11,1.9921314669460417e-06,1.6021960523811455e-10,2.677779047791596e-10,1.0687320467462527e-09,1.5535470444776107e-09,4.7649710074663673e-11,2.3202830145537754e-06,3.783977079820851e-10,1.0281939501868812e-10,4.465922655200327e-10,1.9433331690153002e-09,1.7224350268115248e-10,5.253423780478974e-05,7.737949840057148e-11,5.086758961325745e-12,9.132264991717344e-10,1.4743581597740332e-09,1.0398552981533561e-10,0.00044308336657450094,2.5828326868139683e-05,3.445601615798142e-11,3.406169040310682e-09,7.253952097095283e-09,4.827583046692487e-10,0.0002715038385945595,2.8926303413956056e-05,1.281198240214761e-11,1.3187380258484897e-08,1.8578090208881464e-10,2.8094653923675872e-11,1.0766822176142384e-05,3.6255022002212645e-11,4.0880691290769395e-11,4.564306396165308e-10,1.0571268636469373e-09,4.7613772312979376e-11,7.913044751533837e-06,1.2770078975359392e-10,1.6149013784122995e-11,3.630434982976453e-10,4.6002461548318614e-10,4.4399301626341425e-11,0.00023630479371812576,6.292909778555874e-07,3.241559993063483e-11,1.584851933539537e-09,1.7893798840434881e-09,9.537287115931704e-11,0.0001659881903786327,1.2010558084142269e-06,4.698493465402618e-06,5.3564699919890215e-06,1.3544342912016104e-08,0.0005901840280310921,3.129549662202604e-06,9.64100989020798e-06,2.4938404380282085e-05,6.94431944897586e-06,0.00016902640054590042,1.0179835887329158e-06,5.6973438391388225e-09,4.118271137167768e-09,3.4078268038803894e-10,4.216746415146687e-05,9.28401376816335e-06,2.178346322302281e-10,3.3074434791254394e-10,1.905982139838687e-12,2.076128608771126e-05,1.0201985426739543e-06,1.23741055922239e-06,1.2479117430003876e-06,3.095551094882303e-08,0.0002632163131073053,1.3023836770112185e-06,1.945650779727008e-09,1.6148780150954536e-09,4.8763061590921945e-12,0.00015369851336063473,1.5538305014497642e-07,8.394644018754225e-08,2.9561722391031004e-08,7.859618390594363e-11,0.0002527274302135113,1.061553115339944e-06,4.076565837129143e-07,4.266927810474867e-05,2.131859906963862e-05,8.433570962673255e-05,6.617090270338934e-09,1.744655433068342e-09,3.2412428965433036e-08,1.0904325008894338e-10,0.0002652769227308625,7.132071391786808e-07,2.02763446699636e-08,3.5011070766099314e-05,7.213822549501269e-08,0.0002861705320359935,1.0673425772983437e-05,1.415149735534394e-08,2.2174725814153147e-08,2.9928466322519866e-10,0.001073042151476401,8.528474764561761e-05,1.8657530987688827e-05,1.3666983198021328e-07,7.621661918986173e-10,0.0006414487797578395,0.00011951750470798623,4.00406800913603e-06,1.2504340341076671e-06,3.130921595889312e-07,4.6797026956673995e-07,3.484732607995269e-09,5.837340269113217e-10,1.3659140616096107e-09,1.1612687282633848e-05,5.675920278858095e-10,1.6440848197948993e-06,1.1690943526202388e-09,3.925374252965764e-10,1.5461906964610732e-08,1.722235451213324e-07,9.087057787340819e-10,7.730567421111214e-05,1.917585648945116e-09,8.222474413879778e-10,5.359152958604591e-09,5.133731570985171e-09,2.642305931543146e-10,1.3786481491282518e-05,1.3126338389616952e-09,1.3565581876128733e-09,5.606272997993862e-10,4.3640351417443346e-11,0.0001361866298562762,3.100030237728256e-09,3.1868623796520396e-09,5.1934925794581875e-08,8.934337827257624e-09,0.001772778441373037,2.173390168638727e-05,9.301209249432837e-07,3.15898126586849e-07,4.4064535050456195e-05,0.00043258004682685024,0.0011648378772692316,8.961714168230645e-05,0.0012222535929982984,0.00047645006869523023,5.156692924835387e-06,2.248886446967176e-07,0.0010844790491869568,0.0014291353105006885,0.0005794889453645523,0.0016683548376528578,0.0006348579415597946,0.0002651350499494376,1.5551338579676612e-12,0.0003742965249496349,0.009782100097125605,6.711399252570373e-05,0.0005185938267933466,2.224573712011999e-05,0.00026327240895963926,0.000666839368828734,1.9491181746911e-05,1.8279635146713017e-08,5.319112960278271e-09,5.489536886902352e-09,0.0011993080943749478,0.00030928765237360663,7.796248764244446e-06,2.119365680043774e-06,2.0062213136931385e-09,0.0005850419414808157,0.0010906237767238799,0.0002902998045057196,0.0007344793999834612,6.376462028897484e-05,0.00033556048767890994,0.0004874302349933513,3.291768432268766e-05,4.409424831859905e-05,5.304618366817986e-06,6.801904440989669e-06,1.5221932251509828e-08,1.5275444033108764e-10,7.170287419490469e-12,1.5146567355942396e-05,0.0,7.055963638519352e-05,0.0007817998018565807,5.572701033236467e-08,1.403623433341728e-07,0.005235700834306755,5.621821941232535e-06,8.358842176353022e-06,7.58318609204331e-07,1.1671080077178382e-05,2.0780030914551283e-06,7.591795690024638e-05,0.00010637954121623587,3.457743756609057e-06,5.661227856794726e-07,2.804319185287269e-08,1.5246506576314572e-07,0.0017492144978671566,1.8402967137926765e-05,1.3472924216064983e-05,1.7237265943665454e-05,2.156007451093915e-06,1.5548887772488796e-07,0.0015334747028119444,1.1957071554096997e-05,2.8043898605848664e-07,1.3034047148331844e-11,0.003096585361441568,0.002779736621141409,4.4812681781600736e-05,5.258884724088666e-05,0.0005022794716114808,0.0004064442343801636,2.4052661598447518e-05,1.8966562896675042e-06,8.175986134242478e-06,8.075913428274438e-07,1.6201429892185168e-09,0.00021143020997465997,0.0001037831030010651,4.896333598270011e-08,2.15155951618873e-08,1.1267756081995751e-05,0.0,5.6225405491965415e-05,0.0039444032624014165,2.9193834199890037e-07,4.420045386712686e-06,7.145303605578696e-05,0.0014844518554457818,0.0015123771948151272,1.1147671846725294e-05,0.0004023817756203685,0.00034843004701018166,4.70481779370495e-05,0.0008110495921214987,0.01169923963634124,0.0020049708649088308,1.696343016113736e-05,4.539512452257926e-06,3.863784340232337e-06,0.0003128426383147586,9.614033516518767e-06,0.0005166040674809832,0.002448703972985757,0.003149995239754422,0.001187671153327608,0.0009868516497335835,2.595765093235127e-11,1.92691968870398e-05,1.016602090914659e-06,1.2331163803107064e-09,3.307178323860088e-06,1.7669456482742248e-07,4.895840774387163e-05,6.399505167731478e-07,7.0001950705602424e-06,0.0,5.402751065601979e-06,1.5602065886129052e-07,1.86798097777889e-05,0.0001804106132669315,0.0,0.0,1.8936650137006344e-05,8.501283134956112e-08,9.34226971653672e-06,8.489304365015908e-07,0.0,0.0,0.0001921627168540319,1.6032984384107705e-06,2.816860131577464e-07,2.394697708789414e-07,2.156990619750396e-07,7.927555033103217e-08,2.7678302273220297e-06,2.6554479469923947e-07,3.450410980619518e-05,7.119530568891621e-06,9.34387521993635e-05,5.62782905367808e-06,4.596565106016336e-05,0.0001319898821011772,0.0002036839650156584,1.126981161873536e-06,0.0002119862720895674,3.764155027678299e-07,1.0977300516432527e-07,3.9583003368581534e-05,1.9901067377253968e-08,1.2148248024150706e-07,1.2896126702982666e-05,2.0562130468071734e-05,4.230613564180961e-12,0.0,0.0,6.449596912420505e-09,4.543019119622717e-06,2.274102967741416e-08,0.00047878688935612773,2.0470529174743897e-07,0.0005019318882968474,9.724375920565983e-07,2.7979206836920036e-05,9.297191414636446e-05,1.947936024422357e-07,3.268663210634588e-05,4.233138889821511e-05,0.0,0.0,3.1838809016902767e-13,6.142721092424416e-11,7.03944439340283e-08,9.669136342437187e-05,6.376520159724488e-08,2.0855345699973177e-13,2.6991175903071663e-11,3.054636449835133e-05,3.348389653183213e-07,6.430608258798121e-09,4.580169409086787e-07,1.6120698479831784e-06,1.9683393419862874e-06,2.785023926838603e-07,1.5145997567803586e-06,8.964270837561057e-08,1.527986152916478e-07,2.454556145588431e-07,4.576354258086415e-08,1.0420030988987985e-06,4.2990660058442745e-07,3.71894215962352e-13,0.00042637096637838863,1.0602857185587719e-06,1.9889946111103264e-08,5.853254548349165e-07,0.0,1.4185495214170345e-08,9.271460563580887e-11,1.356241885643159e-10,1.7225715248838464e-07,9.783405598541883e-12,2.7145529430189225e-05,2.342218024713668e-11,2.05886434391538e-06,6.0223907100780605e-06,4.328241853210497e-05,2.1683162244016594e-05,0.0,3.734932345194379e-05,6.611779868398416e-05,9.54191431182645e-15,2.1071060680574807e-08,9.561172996803593e-06,1.7156253542272081e-06,4.192362117710134e-06,1.1299016548524036e-06,8.840036291414591e-06,4.855421988958013e-06,2.8223885577071287e-06,0.00014129186996917668,3.5914647550981986e-08,2.5696265526492415e-06,1.790564618667388e-10,7.418631818803224e-10,1.980630839264696e-10,3.7984598373453455e-06,0.00015958610619520785,1.8510987474495752e-05,3.5534895589290173e-10,1.3219120908567086e-06,6.902976345910961e-06,6.186949845199743e-07,1.3824210448132367e-06,8.888039094132369e-09,1.1733986504957993e-06,2.871039875573167e-07,1.4760469535855421e-06,2.3954251811141334e-08,1.6703269590788832e-09,9.696032320091967e-07,1.6855289976532988e-06,9.070224628444982e-07,4.871545471007178e-07,1.6312704434973729e-07,3.877978581993814e-06,0.000561282142906232,0.0006771346203645587,2.1958700590715734e-06,2.220309452370655e-06,5.497775931222199e-06,3.5250003201321427e-06,1.740556339456682e-05,7.345135655384495e-05,1.7217486556310315e-05,9.037889914879838e-06,7.454976208688874e-07,1.3478900741543278e-10,1.7078800875315333e-05,7.556880281560063e-08,2.2459759702942453e-07,2.9549716389920143e-09,1.8065072775556937e-06,7.118650640886783e-05,0.0,0.0001223984189299427,6.242174152127265e-05,3.205486384588771e-08,3.1628082083523633e-06,7.109529235425533e-05,3.8075486130641556e-06,3.0193066048613075e-05,7.713323226832837e-05,3.9544835341633714e-05,7.623955360165861e-05,1.1557657887906332e-07,1.7802742304365625e-06,2.456867401734276e-05,4.0177542244197714e-07,1.238443749015401e-05,5.429674496636406e-05,2.628761533750749e-06,1.274040765528994e-05,4.335289895264213e-05,4.040213613375451e-06,3.163464769566254e-07,5.035409858525834e-07,1.5648510892397853e-06,4.24527846496222e-05,1.2724156695703634e-05,0.0005401272490840758,0.0008015557957699168,0.00022500064462836682,1.0321805692036432e-05,8.997876523372714e-07,0.0001453330692529623,0.00017933132989210687,0.0001666107328755688,0.00046822948132275484,0.0002706494248557636,0.0005921007364118676,0.0005081770095579195,0.0026719302510060466,6.313994416168522e-05,5.968234101711191e-06,8.814070990068111e-08,6.411382703735667e-07,1.4030148087332913e-05
MOs6b,,,,,,,,,,,,,,,,,,,,,,,,,,,,,,,,,,,,,,,,,,,,,,,,,,,,,,,,,,,,,,,,,,,,,,,,,,,,,,,,,,,,,,,,,,,,,,,,,,,,,,,,,,,,,,,,,,,,,,,,,,,,,,,,,,,,,,,,,,,,,,,,,,,,,,,,,,,,,,,,,,,,,,,,,,,,,,,,,,,,,,,,,,,,,,,,,,,,,,,,,,,,,,,,,,,,,,,,,,,,,,,,,,,,,,,,,,,,,,,,,,,,,,,,,,,,,,,,,,,,,,,,,,,,,,,,,,,,,,,,,,,,,,,,,,,,,,,,,,,,,,,,,,,,,,,,,,,,,,,,,,,,,,,,,,,,,,,,,,,,,,,,,,,,,,,,,,,,,,,,,,,,,,,,,,,,,,,,,,,,,,,,,,,,,,,,,,,,,,,,,,,,,,,,,,,,,,,,,,,,,,,,,,,,,,,,,,,,,,,,,,,,,,,,,,,,,,,,,,,,,,,,,,,,,,,,,,,,,,,,,,,,,,,,,,,,,,,,,,,,,,,,,,,,,,,,,,,,,,,,,,,,,,,,,,,,,,,,,,,,,,,,,,,,,,,,,,,,,,,,,,,,,,,,,,,,,,,,,,,,,,,,,,,,,,,,,,,,,,,,,,,,,,,,,,,,,,,,,,,,,,,,,,,,,,,,,,,,,,,,,,,,,,,,,,,,,,,,,,,,,,,,,,,,,,,,,,,,,,,,,,,,,,,,,,,,,,,,,,,,,,,,,,,,,,,,,,,,,,,,,,,,,,,,,,,,,,,,,,,,,,,,,,,,,,,,,,,,,,,,,,,,,,,,,,,,,,,,,,,,,,,,,,,,,,,,,,,,,,,,,,,,,,,,,,,,,,,,,,,,,,,,,,,,,,,,,,,,,,,,,,,,,,,,,,,,,,,,,,,,,,,,,,,,,,,,,,,,,,,,,,,,,,,,,,,,,,,,,,,,,,,,,,,,,,,,,,,,,,,,,,,,,,,,,,,,,,,,,,,,,,,,,,,,,,,,,,,,,,,,,,,,,,,,,,,,,,,,,,,,,,,,,,,,,,,,,,,,,,,,,,,,,,,,,,,,,,,,,,,,,,,,,,,,,,,,,,,,,,,,,,,,,,,,,,,,,,,,,,,,,,,,,,,,,,,,,,,,,,,,,,,,,,,,,,,,,,,,,,,,,,,,,,,,,,,,,,,,,,,,,,,
